HomeTeam,AwayTeam,Season,rugbypassURL,Round,HomeScore,AwayScore
newcastle,saracens,18/19,,1,21,32
exeter-chiefs,leicester,18/19,,1,40,6
harlequins,sale,18/19,,1,51,23
worcester,wasps,18/19,,1,20,21
gloucester,northampton,18/19,,1,27,16
bristol,bath,18/19,,1,17,10
sale,worcester,18/19,,2,21,15
bath,gloucester,18/19,,2,31,31
leicester,newcastle,18/19,,2,49,33
saracens,bristol,18/19,,2,44,23
wasps,exeter-chiefs,18/19,,2,31,42
northampton,harlequins,18/19,,2,25,18
wasps,leicester,18/19,,3,41,35
exeter-chiefs,sale,18/19,,3,35,18
harlequins,bath,18/19,,3,32,37
northampton,saracens,18/19,,3,27,38
worcester,newcastle,18/19,,3,20,23
gloucester,bristol,18/19,,3,35,13
leicester,worcester,18/19,,4,37,44
saracens,gloucester,18/19,,4,38,15
bath,northampton,18/19,,4,17,15
sale,wasps,18/19,,4,13,31
newcastle,exeter-chiefs,18/19,,4,17,24
leicester,sale,18/19,,5,19,15
bristol,northampton,18/19,,5,40,45
exeter-chiefs,worcester,18/19,,5,28,11
gloucester,harlequins,18/19,,5,25,27
saracens,bath,18/19,,5,50,27
newcastle,wasps,18/19,,5,22,23
worcester,bristol,18/19,,6,52,7
harlequins,saracens,18/19,,6,20,25
northampton,leicester,18/19,,6,15,26
sale,newcastle,18/19,,6,20,7
wasps,gloucester,18/19,,6,21,35
bath,exeter-chiefs,18/19,,6,24,39
bristol,exeter-chiefs,18/19,,7,29,31
northampton,wasps,18/19,,7,36,17
saracens,sale,18/19,,7,31,25
bath,worcester,18/19,,7,28,13
gloucester,leicester,18/19,,7,36,15
harlequins,newcastle,18/19,,7,20,7
leicester,saracens,18/19,,8,22,27
exeter-chiefs,gloucester,18/19,,8,23,6
sale,northampton,18/19,,8,18,13
wasps,bristol,18/19,,8,32,28
newcastle,bath,18/19,,8,16,8
worcester,harlequins,18/19,,8,20,13
bath,sale,18/19,,9,7,7
gloucester,worcester,18/19,,9,36,16
northampton,newcastle,18/19,,9,14,16
saracens,wasps,18/19,,9,29,6
bristol,leicester,18/19,,9,41,10
harlequins,exeter-chiefs,18/19,,9,28,26
newcastle,gloucester,18/19,,10,17,20
wasps,bath,18/19,,10,14,24
exeter-chiefs,saracens,18/19,,10,31,13
leicester,harlequins,18/19,,10,35,24
sale,bristol,18/19,,10,27,10
worcester,northampton,18/19,,10,6,32
bath,leicester,18/19,,11,23,16
bristol,newcastle,18/19,,11,35,28
harlequins,wasps,18/19,,11,20,13
gloucester,sale,18/19,,11,15,30
saracens,worcester,18/19,,11,25,17
northampton,exeter-chiefs,18/19,,11,31,28
wasps,northampton,18/19,,12,27,16
exeter-chiefs,bristol,18/19,,12,14,9
leicester,gloucester,18/19,,12,34,16
newcastle,harlequins,18/19,,12,17,38
worcester,bath,18/19,,12,21,19
sale,saracens,18/19,,12,24,18
bath,newcastle,18/19,,13,30,13
harlequins,worcester,18/19,,13,47,33
saracens,leicester,18/19,,13,33,10
northampton,sale,18/19,,13,67,17
bristol,wasps,18/19,,13,22,29
gloucester,exeter-chiefs,18/19,,13,24,17
worcester,leicester,18/19,,14,17,13
northampton,bath,18/19,,14,27,26
exeter-chiefs,newcastle,18/19,,14,35,17
harlequins,bristol,18/19,,14,36,26
wasps,sale,18/19,,14,18,24
gloucester,sale,18/19,,14,30,24
newcastle,worcester,18/19,,15,17,6
bath,harlequins,18/19,,15,29,31
leicester,wasps,18/19,,15,19,14
sale,exeter-chiefs,18/19,,15,14,20
saracens,northampton,18/19,,15,36,17
bristol,gloucester,18/19,,15,28,24
harlequins,gloucester,18/19,,16,7,29
worcester,exeter-chiefs,18/19,,16,30,33
northampton,bristol,18/19,,16,24,26
wasps,newcastle,18/19,,16,19,20
sale,leicester,18/19,,16,32,5
bath,saracens,18/19,,16,18,9
exeter-chiefs,bath,18/19,,17,29,10
newcastle,sale,18/19,,17,22,17
bristol,worcester,18/19,,17,25,27
gloucester,wasps,18/19,,17,27,14
saracens,harlequins,18/19,,17,27,10
leicester,northampton,18/19,,17,15,29
northampton,gloucester,18/19,,18,31,40
leicester,exeter-chiefs,18/19,,18,20,52
saracens,newcastle,18/19,,18,26,12
wasps,worcester,18/19,,18,28,16
bath,bristol,18/19,,18,26,19
sale,harlequins,18/19,,18,28,17
exeter-chiefs,wasps,18/19,,19,19,26
bristol,saracens,18/19,,19,23,21
gloucester,bath,18/19,,19,27,23
harlequins,northampton,18/19,,19,19,20
worcester,sale,18/19,,19,39,17
newcastle,leicester,18/19,,19,22,27
worcester,gloucester,18/19,,20,27,20
wasps,saracens,18/19,,20,14,31
leicester,bristol,18/19,,20,20,23
exeter-chiefs,harlequins,18/19,,20,17,15
newcastle,northampton,18/19,,20,17,31
sale,bath,18/19,,20,6,3
exeter-chiefs,wasps,18/19,,21,29,17
bristol,saracens,18/19,,21,28,19
gloucester,bath,18/19,,21,38,10
harlequins,northampton,18/19,,21,38,7
worcester,sale,18/19,,21,20,20
newcastle,leicester,18/19,,21,23,19
exeter-chiefs,northampton,18/19,,22,40,21
leicester,bath,18/19,,22,31,32
newcastle,bristol,18/19,,22,12,19
sale,gloucester,18/19,,22,46,41
wasps,harlequins,18/19,,22,27,25
worcester,saracens,18/19,,22,31,29
exeter-chiefs,northampton,18/19,,SF,42,12
saracens,gloucester,18/19,,SF,44,19
exeter-chiefs,saracens,18/19,,F,34,37
wasps,london-irish,19/20,,1,26,29
exeter-chiefs,harlequins,19/20,,1,22,19
sale,gloucester,19/20,,1,16,18
saracens,northampton,19/20,,1,25,27
worcester,leicester,19/20,,1,24,16
bristol,bath,19/20,,1,43,16
leicester,saracens,19/20,,2,10,24
gloucester,wasps,19/20,,2,25,9
harlequins,bristol,19/20,,2,22,17
london-irish,sale,19/20,,2,7,41
northampton,worcester,19/20,,2,35,16
bath,exeter-chiefs,19/20,,2,13,10
worcester,exeter-chiefs,19/20,,3,20,24
leicester,gloucester,19/20,,3,16,13
saracens,london-irish,19/20,,3,16,13
wasps,bath,19/20,,3,30,22
bristol,sale,19/20,,3,16,10
northampton,harlequins,19/20,,3,40,22
exeter-chiefs,bristol,19/20,,4,17,20
london-irish,leicester,19/20,,4,36,11
bath,northampton,19/20,,4,22,13
gloucester,saracens,19/20,,4,12,21
harlequins,worcester,19/20,,4,14,19
sale,wasps,19/20,,4,28,18
bristol,london-irish,19/20,,5,27,27
harlequins,gloucester,19/20,,5,23,19
exeter-chiefs,wasps,19/20,,5,38,3
northampton,leicester,19/20,,5,36,13
worcester,sale,19/20,,5,20,13
bath,saracens,19/20,,5,12,25
london-irish,bath,19/20,,6,10,38
leicester,exeter-chiefs,19/20,,6,22,31
sale,northampton,19/20,,6,22,10
saracens,bristol,19/20,,6,47,13
wasps,harlequins,19/20,,6,22,28
gloucester,worcester,19/20,,6,36,3
exeter-chiefs,saracens,19/20,,7,14,7
harlequins,leicester,19/20,,7,30,30
bath,sale,19/20,,7,16,14
worcester,london-irish,19/20,,7,20,6
northampton,gloucester,19/20,,7,33,26
bristol,wasps,19/20,,7,21,26
wasps,northampton,19/20,,8,31,35
london-irish,exeter-chiefs,19/20,,8,25,45
gloucester,bath,19/20,,8,29,15
saracens,worcester,19/20,,8,62,5
leicester,bristol,19/20,,8,31,18
sale,harlequins,19/20,,8,48,10
harlequins,saracens,19/20,,9,41,14
bath,leicester,19/20,,9,13,10
bristol,gloucester,19/20,,9,34,16
exeter-chiefs,sale,19/20,,9,19,22
worcester,wasps,19/20,,9,26,30
northampton,london-irish,19/20,,9,16,20
northampton,bristol,19/20,,10,14,20
harlequins,london-irish,19/20,,10,15,29
leicester,wasps,19/20,,10,18,9
saracens,sale,19/20,,10,36,22
worcester,bath,19/20,,10,21,22
gloucester,exeter-chiefs,19/20,,10,15,26
bristol,worcester,19/20,,11,13,10
exeter-chiefs,northampton,19/20,,11,57,7
bath,harlequins,19/20,,11,19,12
london-irish,gloucester,19/20,,11,24,20
sale,leicester,19/20,,11,36,3
wasps,saracens,19/20,,11,60,10
bath,bristol,19/20,,12,13,19
london-irish,wasps,19/20,,12,26,36
harlequins,exeter-chiefs,19/20,,12,34,30
leicester,worcester,19/20,,12,14,8
northampton,saracens,19/20,,12,21,27
gloucester,sale,19/20,,12,17,23
bristol,harlequins,19/20,,13,28,15
exeter-chiefs,bath,19/20,,13,57,20
wasps,gloucester,19/20,,13,39,22
saracens,leicester,19/20,,13,24,13
sale,london-irish,19/20,,13,39,0
worcester,northampton,19/20,,13,10,16
northampton,wasps,19/20,,14,21,34
bristol,saracens,19/20,,14,16,12
bath,london-irish,19/20,,14,34,17
exeter-chiefs,leicester,19/20,,14,26,13
worcester,gloucester,19/20,,14,15,44
harlequins,sale,19/20,,14,16,10
leicester,bath,19/20,,15,16,28
london-irish,northampton,19/20,,15,3,27
saracens,harlequins,19/20,,15,38,24
gloucester,bristol,19/20,,15,24,33
wasps,worcester,19/20,,15,32,17
sale,exeter-chiefs,19/20,,15,22,32
northampton,bath,19/20,,16,3,18
leicester,london-irish,19/20,,16,13,7
saracens,gloucester,19/20,,16,36,20
worcester,harlequins,19/20,,16,29,14
bristol,exeter-chiefs,19/20,,16,22,25
wasps,sale,19/20,,16,11,20
bath,wasps,19/20,,17,23,27
london-irish,saracens,19/20,,17,12,40
gloucester,leicester,19/20,,17,46,30
exeter-chiefs,worcester,19/20,,17,59,7
harlequins,northampton,19/20,,17,30,17
sale,bristol,19/20,,17,40,7
gloucester,london-irish,19/20,,18,36,23
leicester,sale,19/20,,18,31,40
harlequins,bath,19/20,,18,27,41
saracens,wasps,19/20,,18,18,28
northampton,exeter-chiefs,19/20,,18,19,22
worcester,bristol,19/20,,18,13,36
bath,worcester,19/20,,19,40,15
london-irish,harlequins,19/20,,19,15,38
sale,saracens,19/20,,19,24,17
exeter-chiefs,gloucester,19/20,,19,35,22
wasps,leicester,19/20,,19,54,7
bristol,northampton,19/20,,19,47,10
gloucester,harlequins,19/20,,20,15,28
saracens,exeter-chiefs,19/20,,20,40,17
london-irish,worcester,19/20,,20,25,40
sale,bath,19/20,,20,22,37
leicester,northampton,19/20,,20,28,24
wasps,bristol,19/20,,20,59,35
bristol,leicester,19/20,,21,40,3
exeter-chiefs,london-irish,19/20,,21,19,22
worcester,saracens,19/20,,21,40,27
northampton,sale,19/20,,21,14,34
harlequins,wasps,19/20,,21,23,32
bath,gloucester,19/20,,21,31,20
sale,worcester,19/20,,22,0,20
gloucester,northampton,19/20,,22,20,0
leicester,harlequins,19/20,,22,26,32
london-irish,bristol,19/20,,22,7,36
saracens,bath,19/20,,22,17,17
wasps,exeter-chiefs,19/20,,22,46,5
exeter-chiefs,bath,19/20,,SF,35,6
wasps,bristol,19/20,,SF,47,24
exeter-chiefs,wasps,19/20,,F,19,13
wasps,bristol,20/21,,1,23,20
leicester,gloucester,20/21,,1,38,15
worcester,london-irish,20/21,,1,11,10
bath,newcastle,20/21,,1,12,19
sale,northampton,20/21,,1,32,23
harlequins,exeter-chiefs,20/21,,1,3,33
london-irish,leicester,20/21,,2,22,9
exeter-chiefs,bath,20/21,,2,40,3
bristol,worcester,20/21,,2,30,13
gloucester,wasps,20/21,,2,40,24
northampton,harlequins,20/21,,2,29,49
newcastle,sale,20/21,,2,15,13
gloucester,harlequins,20/21,,3,24,34
london-irish,sale,20/21,,3,13,21
leicester,exeter-chiefs,20/21,,3,13,35
wasps,newcastle,20/21,,3,17,27
worcester,bath,20/21,,3,17,33
bristol,northampton,20/21,,3,18,17
sale,wasps,20/21,,4,23,26
northampton,worcester,20/21,,4,29,10
exeter-chiefs,gloucester,20/21,,4,28,20
harlequins,bristol,20/21,,4,19,27
leicester,bath,20/21,,5,36,31
gloucester,sale,20/21,,5,19,22
wasps,exeter-chiefs,20/21,,5,34,5
bristol,newcastle,20/21,,5,29,17
harlequins,london-irish,20/21,,6,27,27
exeter-chiefs,bristol,20/21,,6,7,20
newcastle,gloucester,20/21,,6,22,10
sale,worcester,20/21,,6,20,13
bath,wasps,20/21,,6,44,52
wasps,harlequins,20/21,,7,17,49
london-irish,newcastle,20/21,,7,31,22
gloucester,northampton,20/21,,7,26,31
worcester,exeter-chiefs,20/21,,7,17,21
bristol,bath,20/21,,7,48,3
leicester,sale,20/21,,7,15,25
newcastle,exeter-chiefs,20/21,,8,9,15
leicester,worcester,20/21,,8,41,24
london-irish,gloucester,20/21,,8,32,26
bath,harlequins,20/21,,8,15,28
wasps,northampton,20/21,,8,17,22
bristol,sale,20/21,,8,13,20
worcester,wasps,20/21,,9,13,17
exeter-chiefs,london-irish,20/21,,9,26,3
harlequins,leicester,20/21,,9,37,24
sale,bath,20/21,,9,22,27
gloucester,bristol,20/21,,9,17,18
london-irish,bristol,20/21,,10,34,34
exeter-chiefs,northampton,20/21,,10,12,13
leicester,wasps,20/21,,10,27,8
harlequins,sale,20/21,,10,24,12
bath,gloucester,20/21,,10,16,14
northampton,bath,20/21,,11,22,23
gloucester,worcester,20/21,,11,22,14
newcastle,harlequins,20/21,,11,25,22
wasps,london-irish,20/21,,11,10,16
bristol,leicester,20/21,,11,17,3
sale,exeter-chiefs,20/21,,11,25,20
harlequins,northampton,20/21,,12,37,19
worcester,bristol,20/21,,12,23,24
bath,exeter-chiefs,20/21,,12,16,38
wasps,gloucester,20/21,,12,19,20
sale,newcastle,20/21,,12,31,16
leicester,london-irish,20/21,,12,33,32
london-irish,worcester,20/21,,13,20,17
gloucester,leicester,20/21,,13,14,20
northampton,sale,20/21,,13,17,14
exeter-chiefs,harlequins,20/21,,13,21,20
newcastle,bath,20/21,,13,19,38
bristol,wasps,20/21,,13,37,20
northampton,bristol,20/21,,14,21,28
sale,london-irish,20/21,,14,41,13
exeter-chiefs,leicester,20/21,,14,47,31
bath,worcester,20/21,,14,47,22
harlequins,gloucester,20/21,,14,59,24
newcastle,wasps,20/21,,14,18,20
leicester,newcastle,20/21,,15,26,12
wasps,sale,20/21,,15,19,20
london-irish,bath,20/21,,15,36,33
worcester,northampton,20/21,,15,14,62
bristol,harlequins,20/21,,15,35,33
gloucester,exeter-chiefs,20/21,,15,34,18
bath,leicester,20/21,,16,21,20
harlequins,worcester,20/21,,16,50,26
newcastle,bristol,20/21,,16,17,34
exeter-chiefs,wasps,20/21,,16,43,13
sale,gloucester,20/21,,16,25,22
northampton,london-irish,20/21,,16,44,26
wasps,bath,20/21,,17,39,29
gloucester,newcastle,20/21,,17,35,24
leicester,northampton,20/21,,17,18,23
worcester,sale,20/21,,17,32,35
london-irish,harlequins,20/21,,17,21,25
bristol,exeter-chiefs,20/21,,17,12,20
harlequins,wasps,20/21,,18,48,46
bath,bristol,20/21,,18,20,40
exeter-chiefs,worcester,20/21,,18,41,10
newcastle,london-irish,20/21,,18,25,27
northampton,gloucester,20/21,,18,7,31
sale,leicester,20/21,,18,26,10
london-irish,exeter-chiefs,20/21,,19,12,30
bristol,gloucester,20/21,,19,39,7
newcastle,northampton,20/21,,19,18,10
leicester,harlequins,20/21,,19,35,29
wasps,worcester,20/21,,19,23,19
bath,sale,20/21,,19,20,24
exeter-chiefs,newcastle,20/21,,20,74,3
northampton,wasps,20/21,,20,30,25
worcester,leicester,20/21,,20,17,18
harlequins,bath,20/21,,20,44,33
gloucester,london-irish,20/21,,20,30,28
sale,bristol,20/21,,20,22,12
northampton,exeter-chiefs,20/21,,21,26,29
london-irish,wasps,20/21,,21,36,39
leicester,bristol,20/21,,21,23,26
newcastle,worcester,20/21,,21,24,14
sale,harlequins,20/21,,21,45,12
bath,northampton,20/21,,22,30,24
exeter-chiefs,sale,20/21,,22,20,19
harlequins,newcastle,20/21,,22,54,26
wasps,leicester,20/21,,22,31,38
exeter-chiefs,sale,20/21,,SF,40,30
bristol,harlequins,20/21,,SF,36,43
exeter-chiefs,harlequins,20/21,,F,38,40
newcastle,harlequins,21/22,,1,20,26
sale,bath,21/22,,1,20,19
leicester,exeter-chiefs,21/22,,1,34,19
northampton,gloucester,21/22,,1,34,20
worcester,london-irish,21/22,,1,36,24
bristol,saracens,21/22,,1,9,26
london-irish,sale,21/22,,2,31,31
bath,newcastle,21/22,,2,13,20
exeter-chiefs,northampton,21/22,,2,24,26
harlequins,worcester,21/22,,2,35,29
wasps,bristol,21/22,,2,44,8
gloucester,leicester,21/22,,2,26,33
sale,exeter-chiefs,21/22,,3,15,25
leicester,saracens,21/22,,3,13,12
newcastle,wasps,21/22,,3,18,14
worcester,gloucester,21/22,,3,23,31
northampton,london-irish,21/22,,3,23,21
bristol,bath,21/22,,3,25,20
wasps,northampton,21/22,,4,26,20
exeter-chiefs,worcester,21/22,,4,42,5
gloucester,sale,21/22,,4,33,32
london-irish,leicester,21/22,,4,16,21
saracens,newcastle,21/22,,4,37,23
harlequins,bristol,21/22,,4,52,24
bath,saracens,21/22,,5,17,71
london-irish,gloucester,21/22,,5,25,25
newcastle,bristol,21/22,,5,13,5
wasps,exeter-chiefs,21/22,,5,23,27
worcester,leicester,21/22,,5,3,48
sale,harlequins,21/22,,5,28,22
saracens,wasps,21/22,,6,56,15
exeter-chiefs,london-irish,21/22,,6,21,33
gloucester,newcastle,21/22,,6,29,20
harlequins,bath,21/22,,6,31,17
leicester,sale,21/22,,6,19,11
northampton,worcester,21/22,,6,66,10
harlequins,saracens,21/22,,7,22,29
bath,wasps,21/22,,7,17,27
london-irish,bristol,21/22,,7,33,45
northampton,leicester,21/22,,7,26,55
worcester,sale,21/22,,7,27,14
gloucester,exeter-chiefs,21/22,,7,13,16
wasps,harlequins,21/22,,8,16,26
exeter-chiefs,newcastle,21/22,,8,14,15
sale,northampton,21/22,,8,30,6
bristol,worcester,21/22,,8,27,5
saracens,london-irish,21/22,,8,34,34
leicester,bath,21/22,,8,40,23
saracens,sale,21/22,,9,25,14
newcastle,worcester,21/22,,9,24,24
harlequins,london-irish,21/22,,9,19,22
bath,exeter-chiefs,21/22,,9,16,23
bristol,northampton,21/22,,9,20,36
wasps,gloucester,21/22,,9,33,35
leicester,harlequins,21/22,,10,16,14
exeter-chiefs,saracens,21/22,,10,18,15
london-irish,newcastle,21/22,,10,43,21
northampton,bath,21/22,,10,40,19
worcester,wasps,21/22,,10,32,31
gloucester,bristol,21/22,,10,27,10
harlequins,northampton,21/22,,11,41,27
bath,gloucester,21/22,,11,20,40
newcastle,sale,21/22,,11,20,0
saracens,worcester,21/22,,11,61,29
wasps,london-irish,21/22,,11,38,30
bristol,leicester,21/22,,11,26,28
london-irish,bath,21/22,,12,20,0
gloucester,harlequins,21/22,,12,17,20
leicester,newcastle,21/22,,12,31,0
northampton,saracens,21/22,,12,6,30
exeter-chiefs,bristol,21/22,,12,19,13
sale,wasps,21/22,,12,26,18
bath,worcester,21/22,,13,22,19
wasps,leicester,21/22,,13,16,13
harlequins,exeter-chiefs,21/22,,13,14,12
newcastle,northampton,21/22,,13,8,44
saracens,gloucester,21/22,,13,24,25
bristol,sale,21/22,,13,32,15
sale,leicester,21/22,,14,35,26
wasps,saracens,21/22,,14,26,20
newcastle,gloucester,21/22,,14,22,32
london-irish,exeter-chiefs,21/22,,14,18,14
worcester,northampton,21/22,,14,13,19
bath,harlequins,21/22,,14,21,17
harlequins,sale,21/22,,15,14,36
leicester,worcester,21/22,,15,36,16
saracens,bath,21/22,,15,40,3
exeter-chiefs,wasps,21/22,,15,26,27
bristol,newcastle,21/22,,15,37,21
gloucester,london-irish,21/22,,15,24,7
saracens,harlequins,21/22,,16,19,10
exeter-chiefs,gloucester,21/22,,16,24,15
sale,worcester,21/22,,16,36,12
wasps,bath,21/22,,16,41,24
bristol,london-irish,21/22,,16,32,49
leicester,northampton,21/22,,16,35,20
newcastle,exeter-chiefs,21/22,,17,14,15
bath,leicester,21/22,,17,20,24
harlequins,wasps,21/22,,17,29,24
london-irish,saracens,21/22,,17,23,30
northampton,sale,21/22,,17,21,22
worcester,bristol,21/22,,17,19,14
northampton,exeter-chiefs,21/22,,18,31,34
leicester,gloucester,21/22,,18,35,23
newcastle,bath,21/22,,18,25,30
bristol,wasps,21/22,,18,31,19
sale,london-irish,21/22,,18,27,27
worcester,harlequins,21/22,,18,21,29
exeter-chiefs,sale,21/22,,19,19,12
bath,bristol,21/22,,19,29,27
gloucester,northampton,21/22,,19,35,30
london-irish,worcester,21/22,,19,43,12
saracens,leicester,21/22,,19,34,27
harlequins,newcastle,21/22,,19,24,10
bristol,harlequins,21/22,,20,29,38
northampton,wasps,21/22,,20,27,22
leicester,london-irish,21/22,,20,47,28
newcastle,saracens,21/22,,20,21,36
sale,gloucester,21/22,,20,26,24
worcester,exeter-chiefs,21/22,,20,35,31
exeter-chiefs,leicester,21/22,,21,17,22
bath,sale,21/22,,21,24,24
london-irish,northampton,21/22,,21,22,42
saracens,bristol,21/22,,21,27,23
wasps,newcastle,21/22,,21,27,24
gloucester,worcester,21/22,,21,20,0
london-irish,harlequins,21/22,,22,14,41
exeter-chiefs,bath,21/22,,22,42,22
gloucester,wasps,21/22,,22,21,27
northampton,bristol,21/22,,22,39,22
worcester,newcastle,21/22,,22,10,45
sale,saracens,21/22,,22,12,18
saracens,exeter-chiefs,21/22,,23,38,22
bath,northampton,21/22,,23,31,36
harlequins,leicester,21/22,,23,26,20
wasps,worcester,21/22,,23,41,12
bristol,gloucester,21/22,,23,29,28
newcastle,london-irish,21/22,,23,14,42
london-irish,wasps,21/22,,24,42,42
gloucester,bath,21/22,,24,64,0
leicester,bristol,21/22,,24,56,26
worcester,saracens,21/22,,24,16,38
northampton,harlequins,21/22,,24,32,31
sale,newcastle,21/22,,24,35,27
saracens,northampton,21/22,,25,42,38
bath,london-irish,21/22,,25,27,24
harlequins,gloucester,21/22,,25,28,24
newcastle,leicester,21/22,,25,5,27
bristol,exeter-chiefs,21/22,,25,40,33
wasps,sale,21/22,,25,7,16
exeter-chiefs,harlequins,21/22,,26,47,38
gloucester,saracens,21/22,,26,54,7
leicester,wasps,21/22,,26,20,10
northampton,newcastle,21/22,,26,65,26
sale,bristol,21/22,,26,42,19
worcester,bath,21/22,,26,43,27
leicester,northampton,21/22,,SF,27,14
saracens,harlequins,21/22,,SF,34,17
leicester,saracens,21/22,,F,15,12
gloucester,wasps,22/23,https://www.rugbypass.com/live/gloucester-vs-wasps/?g=932443,1,27,21
sale,northampton,22/23,,1,29,22
bristol,bath,22/23,,1,31,29
exeter-chiefs,leicester,22/23,https://www.rugbypass.com/live/exeter-chiefs-vs-leicester/?g=932440,1,24,20
london-irish,worcester,22/23,https://www.rugbypass.com/live/london-irish-vs-worcester/?g=932441,1,45,14
newcastle,harlequins,22/23,https://www.rugbypass.com/live/harlequins-vs-newcastle/?g=932442,1,31,40
worcester,exeter-chiefs,22/23,https://www.rugbypass.com/live/exeter-chiefs-vs-worcester/?g=932449,2,21,36
bath,sale,22/23,https://www.rugbypass.com/live/bath-vs-sale/?g=932445,2,20,37
harlequins,saracens,22/23,https://www.rugbypass.com/live/harlequins-vs-saracens/?g=932446,2,27,30
leicester,newcastle,22/23,https://www.rugbypass.com/live/leicester-vs-newcastle/?g=932447,2,36,21
wasps,bristol,22/23,https://www.rugbypass.com/live/bristol-vs-wasps/?g=932448,2,8,23
northampton,london-irish,22/23,https://www.rugbypass.com/live/london-irish-vs-northampton/?g=932444,2,38,22
exeter-chiefs,harlequins,22/23,https://www.rugbypass.com/live/exeter-chiefs-vs-harlequins/?g=932455,3,43,42
bristol,london-irish,22/23,https://www.rugbypass.com/live/bristol-vs-london-irish/?g=932451,3,40,36
northampton,leicester,22/23,https://www.rugbypass.com/live/leicester-vs-northampton/?g=932452,3,21,41
saracens,gloucester,22/23,https://www.rugbypass.com/live/gloucester-vs-saracens/?g=932453,3,41,39
worcester,newcastle,22/23,https://www.rugbypass.com/live/newcastle-vs-worcester/?g=932454,3,39,5
bath,wasps,22/23,https://www.rugbypass.com/live/bath-vs-wasps/?g=932450,3,31,39
harlequins,northampton,22/23,https://www.rugbypass.com/live/harlequins-vs-northampton/?g=932461,4,35,29
london-irish,bath,22/23,https://www.rugbypass.com/live/bath-vs-london-irish/?g=932458,4,47,38
sale,exeter-chiefs,22/23,https://www.rugbypass.com/live/exeter-chiefs-vs-sale/?g=932459,4,28,20
saracens,leicester,22/23,https://www.rugbypass.com/live/leicester-vs-saracens/?g=932460,4,51,18
newcastle,bristol,22/23,https://www.rugbypass.com/live/bristol-vs-newcastle/?g=932456,4,30,15
newcastle,saracens,22/23,https://www.rugbypass.com/live/newcastle-vs-saracens/?g=932466,5,14,34
wasps,northampton,22/23,https://www.rugbypass.com/live/northampton-vs-wasps/?g=932467,5,36,40
bath,gloucester,22/23,https://www.rugbypass.com/live/bath-vs-gloucester/?g=932463,5,17,21
leicester,sale,22/23,https://www.rugbypass.com/live/leicester-vs-sale/?g=932464,5,16,26
bristol,exeter-chiefs,22/23,https://www.rugbypass.com/live/bristol-vs-exeter-chiefs/?g=932462,5,14,50
harlequins,leicester,22/23,https://www.rugbypass.com/live/harlequins-vs-leicester/?g=932473,6,19,27
gloucester,bristol,22/23,https://www.rugbypass.com/live/bristol-vs-gloucester/?g=932470,6,31,28
northampton,newcastle,22/23,https://www.rugbypass.com/live/newcastle-vs-northampton/?g=932471,6,32,31
saracens,bath,22/23,https://www.rugbypass.com/live/bath-vs-saracens/?g=932472,6,37,31
sale,london-irish,22/23,https://www.rugbypass.com/live/london-irish-vs-sale/?g=932468,6,37,14
sale,harlequins,22/23,https://www.rugbypass.com/live/harlequins-vs-sale/?g=932478,7,13,29
bath,northampton,22/23,https://www.rugbypass.com/live/bath-vs-northampton/?g=932475,7,27,14
exeter-chiefs,saracens,22/23,https://www.rugbypass.com/live/exeter-chiefs-vs-saracens/?g=932477,7,20,22
london-irish,gloucester,22/23,https://www.rugbypass.com/live/gloucester-vs-london-irish/?g=932474,7,21,22
saracens,sale,22/23,https://www.rugbypass.com/live/sale-vs-saracens/?g=932484,8,33,22
harlequins,london-irish,22/23,https://www.rugbypass.com/live/harlequins-vs-london-irish/?g=932481,8,26,24
northampton,bristol,22/23,https://www.rugbypass.com/live/bristol-vs-northampton/?g=932482,8,45,31
gloucester,exeter-chiefs,22/23,https://www.rugbypass.com/live/exeter-chiefs-vs-gloucester/?g=932480,8,38,22
bristol,saracens,22/23,https://www.rugbypass.com/live/bristol-vs-saracens/?g=932491,9,10,25
newcastle,bath,22/23,https://www.rugbypass.com/live/bath-vs-newcastle/?g=932490,9,10,17
sale,gloucester,22/23,https://www.rugbypass.com/live/gloucester-vs-sale/?g=932487,9,27,17
northampton,exeter-chiefs,22/23,https://www.rugbypass.com/live/exeter-chiefs-vs-northampton/?g=932486,9,26,19
saracens,northampton,22/23,https://www.rugbypass.com/live/northampton-vs-saracens/?g=932496,10,45,39
exeter-chiefs,london-irish,22/23,https://www.rugbypass.com/live/exeter-chiefs-vs-london-irish/?g=932495,10,22,17
gloucester,newcastle,22/23,https://www.rugbypass.com/live/gloucester-vs-newcastle/?g=932493,10,21,27
bath,leicester,22/23,https://www.rugbypass.com/live/bath-vs-leicester/?g=932492,10,19,18
leicester,london-irish,22/23,https://www.rugbypass.com/live/leicester-vs-london-irish/?g=932499,11,33,31
sale,bristol,22/23,https://www.rugbypass.com/live/bristol-vs-sale/?g=932502,11,25,20
harlequins,gloucester,22/23,https://www.rugbypass.com/live/gloucester-vs-harlequins/?g=932498,11,21,12
newcastle,exeter-chiefs,22/23,https://www.rugbypass.com/live/exeter-chiefs-vs-newcastle/?g=932500,11,24,21
bristol,leicester,22/23,https://www.rugbypass.com/live/bristol-vs-leicester/?g=932505,12,26,26
gloucester,northampton,22/23,https://www.rugbypass.com/live/gloucester-vs-northampton/?g=932506,12,34,19
london-irish,newcastle,22/23,https://www.rugbypass.com/live/london-irish-vs-newcastle/?g=932507,12,39,17
bath,harlequins,22/23,https://www.rugbypass.com/live/bath-vs-harlequins/?g=932504,12,13,19
harlequins,bristol,22/23,https://www.rugbypass.com/live/bristol-vs-harlequins/?g=932511,13,12,15
exeter-chiefs,bath,22/23,https://www.rugbypass.com/live/bath-vs-exeter-chiefs/?g=932510,13,20,15
leicester,gloucester,22/23,https://www.rugbypass.com/live/gloucester-vs-leicester/?g=932512,13,28,13
london-irish,saracens,22/23,https://www.rugbypass.com/live/london-irish-vs-saracens/?g=932513,13,29,20
newcastle,sale,22/23,https://www.rugbypass.com/live/newcastle-vs-sale/?g=932514,13,20,14
northampton,harlequins,22/23,https://www.rugbypass.com/live/harlequins-vs-northampton/?g=932518,14,46,17
bath,newcastle,22/23,https://www.rugbypass.com/live/bath-vs-newcastle/?g=932516,14,24,16
gloucester,london-irish,22/23,https://www.rugbypass.com/live/gloucester-vs-london-irish/?g=932521,14,8,6
saracens,exeter-chiefs,22/23,https://www.rugbypass.com/live/exeter-chiefs-vs-saracens/?g=932520,14,35,3
sale,leicester,22/23,https://www.rugbypass.com/live/leicester-vs-sale/?g=932519,14,40,5
harlequins,sale,22/23,https://www.rugbypass.com/live/harlequins-vs-sale/?g=932524,15,16,24
london-irish,bristol,22/23,https://www.rugbypass.com/live/bristol-vs-london-irish/?g=932526,15,23,7
exeter-chiefs,northampton,22/23,https://www.rugbypass.com/live/exeter-chiefs-vs-northampton/?g=932522,15,35,12
newcastle,leicester,22/23,https://www.rugbypass.com/live/leicester-vs-newcastle/?g=932525,15,45,26
gloucester,saracens,22/23,https://www.rugbypass.com/live/gloucester-vs-saracens/?g=932523,15,16,19
london-irish,harlequins,22/23,https://www.rugbypass.com/live/harlequins-vs-london-irish/?g=932532,16,42,24
exeter-chiefs,gloucester,22/23,https://www.rugbypass.com/live/exeter-chiefs-vs-gloucester/?g=932529,16,24,17
saracens,bristol,22/23,https://www.rugbypass.com/live/bristol-vs-saracens/?g=932528,16,20,19
leicester,northampton,22/23,https://www.rugbypass.com/live/leicester-vs-northampton/?g=932531,16,18,19
sale,bath,22/23,https://www.rugbypass.com/live/bath-vs-sale/?g=932530,16,30,27
leicester,saracens,22/23,https://www.rugbypass.com/live/leicester-vs-saracens/?g=932536,17,24,18
bath,london-irish,22/23,https://www.rugbypass.com/live/bath-vs-london-irish/?g=932538,17,10,25
northampton,sale,22/23,https://www.rugbypass.com/live/northampton-vs-sale/?g=932537,17,38,34
bristol,newcastle,22/23,https://www.rugbypass.com/live/bristol-vs-newcastle/?g=932534,17,30,12
gloucester,harlequins,22/23,https://www.rugbypass.com/live/gloucester-vs-harlequins/?g=932535,17,28,26
exeter-chiefs,sale,22/23,https://www.rugbypass.com/live/exeter-chiefs-vs-sale/?g=932542,18,24,22
london-irish,leicester,22/23,https://www.rugbypass.com/live/leicester-vs-london-irish/?g=932541,18,22,25
northampton,gloucester,22/23,https://www.rugbypass.com/live/gloucester-vs-northampton/?g=932543,18,41,34
saracens,newcastle,22/23,https://www.rugbypass.com/live/newcastle-vs-saracens/?g=932544,18,29,23
bath,bristol,22/23,https://www.rugbypass.com/live/bath-vs-bristol/?g=932540,18,13,15
newcastle,london-irish,22/23,https://www.rugbypass.com/live/london-irish-vs-newcastle/?g=932549,19,19,34
sale,saracens,22/23,https://www.rugbypass.com/live/sale-vs-saracens/?g=932550,19,35,24
harlequins,exeter-chiefs,22/23,https://www.rugbypass.com/live/exeter-chiefs-vs-harlequins/?g=932547,19,40,5
leicester,bath,22/23,https://www.rugbypass.com/live/bath-vs-leicester/?g=932548,19,48,27
bristol,northampton,22/23,https://www.rugbypass.com/live/bristol-vs-northampton/?g=932546,19,62,8
bristol,harlequins,22/23,https://www.rugbypass.com/live/bristol-vs-harlequins/?g=932552,20,51,26
gloucester,leicester,22/23,https://www.rugbypass.com/live/gloucester-vs-leicester/?g=932554,20,5,26
london-irish,sale,22/23,https://www.rugbypass.com/live/london-irish-vs-sale/?g=932555,20,36,18
exeter-chiefs,newcastle,22/23,https://www.rugbypass.com/live/exeter-chiefs-vs-newcastle/?g=932553,20,24,5
northampton,bath,22/23,https://www.rugbypass.com/live/bath-vs-northampton/?g=932556,20,45,26
bath,exeter-chiefs,22/23,https://www.rugbypass.com/live/bath-vs-exeter-chiefs/?g=932558,21,36,19
london-irish,northampton,22/23,https://www.rugbypass.com/live/london-irish-vs-northampton/?g=932561,21,37,11
saracens,harlequins,22/23,https://www.rugbypass.com/live/harlequins-vs-saracens/?g=932562,21,36,24
leicester,bristol,22/23,https://www.rugbypass.com/live/bristol-vs-leicester/?g=932559,21,46,24
newcastle,gloucester,22/23,https://www.rugbypass.com/live/gloucester-vs-newcastle/?g=932560,21,17,12
leicester,exeter-chiefs,22/23,https://www.rugbypass.com/live/exeter-chiefs-vs-leicester/?g=932567,22,62,19
harlequins,newcastle,22/23,https://www.rugbypass.com/live/harlequins-vs-newcastle/?g=932566,22,48,20
northampton,saracens,22/23,https://www.rugbypass.com/live/northampton-vs-saracens/?g=932568,22,38,29
bristol,sale,22/23,https://www.rugbypass.com/live/bristol-vs-sale/?g=932564,22,20,36
gloucester,bath,22/23,https://www.rugbypass.com/live/bath-vs-gloucester/?g=932565,22,24,33
saracens,london-irish,22/23,https://www.rugbypass.com/live/london-irish-vs-saracens/?g=932575,23,45,21
gloucester,sale,22/23,https://www.rugbypass.com/live/gloucester-vs-sale/?g=932571,23,22,25
exeter-chiefs,bristol,22/23,https://www.rugbypass.com/live/bristol-vs-exeter-chiefs/?g=932570,23,22,21
harlequins,bath,22/23,https://www.rugbypass.com/live/bath-vs-harlequins/?g=932572,23,35,45
newcastle,northampton,22/23,https://www.rugbypass.com/live/newcastle-vs-northampton/?g=932573,23,5,66
bath,saracens,22/23,https://www.rugbypass.com/live/bath-vs-saracens/?g=932579,24,61,29
bristol,gloucester,22/23,https://www.rugbypass.com/live/bristol-vs-gloucester/?g=932576,24,36,21
leicester,harlequins,22/23,https://www.rugbypass.com/live/harlequins-vs-leicester/?g=932577,24,17,20
london-irish,exeter-chiefs,22/23,https://www.rugbypass.com/live/exeter-chiefs-vs-london-irish/?g=932578,24,17,14
sale,newcastle,22/23,https://www.rugbypass.com/live/newcastle-vs-sale/?g=932580,24,54,12
sale,leicester,22/23,https://www.rugbypass.com/live/leicester-vs-sale/?g=932595,SF,21,13
saracens,northampton,22/23,https://www.rugbypass.com/live/northampton-vs-saracens/?g=932594,SF,38,15
saracens,sale,22/23,https://www.rugbypass.com/live/sale-vs-saracens/?g=932596,F,35,25
sale,northampton,23/24,https://www.rugbypass.com/live/northampton-vs-sale/?g=938942,1,20,15
bath,newcastle,23/24,https://www.rugbypass.com/live/bath-vs-newcastle/?g=938940,1,34,26
gloucester,harlequins,23/24,https://www.rugbypass.com/live/gloucester-vs-harlequins/?g=938941,1,29,28
exeter-chiefs,saracens,23/24,https://www.rugbypass.com/live/exeter-chiefs-vs-saracens/?g=938939,1,65,10
bristol,leicester,23/24,https://www.rugbypass.com/live/bristol-vs-leicester/?g=938938,1,25,14
harlequins,exeter-chiefs,23/24,https://www.rugbypass.com/live/exeter-chiefs-vs-harlequins/?g=938947,2,22,14
leicester,sale,23/24,https://www.rugbypass.com/live/leicester-vs-sale/?g=938946,2,17,24
northampton,bristol,23/24,https://www.rugbypass.com/live/bristol-vs-northampton/?g=938944,2,27,33
saracens,bath,23/24,https://www.rugbypass.com/live/bath-vs-saracens/?g=938945,2,16,25
newcastle,gloucester,23/24,https://www.rugbypass.com/live/gloucester-vs-newcastle/?g=938943,2,14,28
newcastle,northampton,23/24,https://www.rugbypass.com/live/newcastle-vs-northampton/?g=938952,3,14,16
bath,leicester,23/24,https://www.rugbypass.com/live/bath-vs-leicester/?g=938950,3,24,25
exeter-chiefs,sale,23/24,https://www.rugbypass.com/live/exeter-chiefs-vs-sale/?g=938951,3,43,0
bristol,harlequins,23/24,https://www.rugbypass.com/live/bristol-vs-harlequins/?g=938949,3,21,23
gloucester,saracens,23/24,https://www.rugbypass.com/live/gloucester-vs-saracens/?g=938948,3,3,24
exeter-chiefs,bristol,23/24,https://www.rugbypass.com/live/bristol-vs-exeter-chiefs/?g=938957,4,29,20
saracens,leicester,23/24,https://www.rugbypass.com/live/leicester-vs-saracens/?g=938956,4,32,17
harlequins,newcastle,23/24,https://www.rugbypass.com/live/harlequins-vs-newcastle/?g=938954,4,40,12
northampton,bath,23/24,https://www.rugbypass.com/live/bath-vs-northampton/?g=938955,4,24,18
sale,gloucester,23/24,https://www.rugbypass.com/live/gloucester-vs-sale/?g=938953,4,24,10
newcastle,saracens,23/24,https://www.rugbypass.com/live/newcastle-vs-saracens/?g=938961,5,12,50
northampton,exeter-chiefs,23/24,https://www.rugbypass.com/live/exeter-chiefs-vs-northampton/?g=938962,5,34,19
leicester,harlequins,23/24,https://www.rugbypass.com/live/harlequins-vs-leicester/?g=938960,5,25,29
bristol,sale,23/24,https://www.rugbypass.com/live/bristol-vs-sale/?g=938959,5,13,27
gloucester,bath,23/24,https://www.rugbypass.com/live/bath-vs-gloucester/?g=938958,5,27,45
exeter-chiefs,gloucester,23/24,https://www.rugbypass.com/live/exeter-chiefs-vs-gloucester/?g=938967,6,25,24
harlequins,saracens,23/24,https://www.rugbypass.com/live/harlequins-vs-saracens/?g=938966,6,10,38
leicester,northampton,23/24,https://www.rugbypass.com/live/leicester-vs-northampton/?g=938965,6,26,17
bath,bristol,23/24,https://www.rugbypass.com/live/bath-vs-bristol/?g=938964,6,20,19
sale,newcastle,23/24,https://www.rugbypass.com/live/newcastle-vs-sale/?g=938963,6,40,22
newcastle,exeter-chiefs,23/24,https://www.rugbypass.com/live/exeter-chiefs-vs-newcastle/?g=938972,7,14,20
saracens,bristol,23/24,https://www.rugbypass.com/live/bristol-vs-saracens/?g=938970,7,39,31
gloucester,leicester,23/24,https://www.rugbypass.com/live/gloucester-vs-leicester/?g=938971,7,20,38
northampton,harlequins,23/24,https://www.rugbypass.com/live/harlequins-vs-northampton/?g=938968,7,36,33
sale,bath,23/24,https://www.rugbypass.com/live/bath-vs-sale/?g=938969,7,11,9
leicester,newcastle,23/24,https://www.rugbypass.com/live/leicester-vs-newcastle/?g=938977,8,47,3
saracens,northampton,23/24,https://www.rugbypass.com/live/northampton-vs-saracens/?g=938976,8,12,18
bath,exeter-chiefs,23/24,https://www.rugbypass.com/live/bath-vs-exeter-chiefs/?g=938974,8,41,24
bristol,gloucester,23/24,https://www.rugbypass.com/live/bristol-vs-gloucester/?g=938975,8,51,26
harlequins,sale,23/24,https://www.rugbypass.com/live/harlequins-vs-sale/?g=938973,8,36,3
bath,harlequins,23/24,https://www.rugbypass.com/live/bath-vs-harlequins/?g=938980,9,25,17
exeter-chiefs,leicester,23/24,https://www.rugbypass.com/live/exeter-chiefs-vs-leicester/?g=938981,9,29,10
gloucester,northampton,23/24,https://www.rugbypass.com/live/gloucester-vs-northampton/?g=938982,9,29,31
newcastle,bristol,23/24,https://www.rugbypass.com/live/bristol-vs-newcastle/?g=938978,9,13,21
sale,saracens,23/24,https://www.rugbypass.com/live/sale-vs-saracens/?g=938979,9,22,20
leicester,bath,23/24,https://www.rugbypass.com/live/bath-vs-leicester/?g=938987,10,35,22
harlequins,gloucester,23/24,https://www.rugbypass.com/live/gloucester-vs-harlequins/?g=938986,10,32,26
northampton,sale,23/24,https://www.rugbypass.com/live/northampton-vs-sale/?g=938985,10,21,17
saracens,newcastle,23/24,https://www.rugbypass.com/live/newcastle-vs-saracens/?g=938984,10,37,19
bristol,exeter-chiefs,23/24,https://www.rugbypass.com/live/bristol-vs-exeter-chiefs/?g=938983,10,14,24
bath,gloucester,23/24,https://www.rugbypass.com/live/bath-vs-gloucester/?g=938992,11,17,10
leicester,saracens,23/24,https://www.rugbypass.com/live/leicester-vs-saracens/?g=938991,11,19,10
exeter-chiefs,northampton,23/24,https://www.rugbypass.com/live/exeter-chiefs-vs-northampton/?g=938990,11,36,42
newcastle,harlequins,23/24,https://www.rugbypass.com/live/harlequins-vs-newcastle/?g=938988,11,3,24
sale,bristol,23/24,https://www.rugbypass.com/live/bristol-vs-sale/?g=938989,11,14,22
gloucester,sale,23/24,https://www.rugbypass.com/live/gloucester-vs-sale/?g=938994,12,32,20
saracens,exeter-chiefs,23/24,https://www.rugbypass.com/live/exeter-chiefs-vs-saracens/?g=938997,12,40,22
bristol,bath,23/24,https://www.rugbypass.com/live/bath-vs-bristol/?g=938993,12,57,44
northampton,newcastle,23/24,https://www.rugbypass.com/live/newcastle-vs-northampton/?g=938996,12,38,13
harlequins,leicester,23/24,https://www.rugbypass.com/live/harlequins-vs-leicester/?g=938995,12,19,20
bath,sale,23/24,https://www.rugbypass.com/live/bath-vs-sale/?g=938998,13,42,24
saracens,harlequins,23/24,https://www.rugbypass.com/live/harlequins-vs-saracens/?g=939002,13,52,7
exeter-chiefs,newcastle,23/24,https://www.rugbypass.com/live/exeter-chiefs-vs-newcastle/?g=939000,13,25,16
bristol,northampton,23/24,https://www.rugbypass.com/live/bristol-vs-northampton/?g=938999,13,52,21
leicester,gloucester,23/24,https://www.rugbypass.com/live/gloucester-vs-leicester/?g=939001,13,25,27
sale,exeter-chiefs,23/24,https://www.rugbypass.com/live/exeter-chiefs-vs-sale/?g=939007,14,41,5
harlequins,bath,23/24,https://www.rugbypass.com/live/bath-vs-harlequins/?g=939004,14,40,36
gloucester,bristol,23/24,https://www.rugbypass.com/live/bristol-vs-gloucester/?g=939003,14,24,33
newcastle,leicester,23/24,https://www.rugbypass.com/live/leicester-vs-newcastle/?g=939005,14,13,19
northampton,saracens,23/24,https://www.rugbypass.com/live/northampton-vs-saracens/?g=939006,14,41,30
bristol,newcastle,23/24,https://www.rugbypass.com/live/bristol-vs-newcastle/?g=939008,15,85,14
sale,harlequins,23/24,https://www.rugbypass.com/live/harlequins-vs-sale/?g=939011,15,37,31
exeter-chiefs,bath,23/24,https://www.rugbypass.com/live/bath-vs-exeter-chiefs/?g=939009,15,14,26
northampton,leicester,23/24,https://www.rugbypass.com/live/leicester-vs-northampton/?g=939010,15,40,17
saracens,gloucester,23/24,https://www.rugbypass.com/live/gloucester-vs-saracens/?g=939012,15,46,24
gloucester,exeter-chiefs,23/24,https://www.rugbypass.com/live/exeter-chiefs-vs-gloucester/?g=939014,16,17,38
newcastle,sale,23/24,https://www.rugbypass.com/live/newcastle-vs-sale/?g=939017,16,14,35
harlequins,northampton,23/24,https://www.rugbypass.com/live/harlequins-vs-northampton/?g=939015,16,41,32
leicester,bristol,23/24,https://www.rugbypass.com/live/bristol-vs-leicester/?g=939016,16,19,21
bath,saracens,23/24,https://www.rugbypass.com/live/bath-vs-saracens/?g=939013,16,12,15
exeter-chiefs,harlequins,23/24,https://www.rugbypass.com/live/exeter-chiefs-vs-harlequins/?g=939019,17,58,26
bristol,saracens,23/24,https://www.rugbypass.com/live/bristol-vs-saracens/?g=939018,17,20,41
northampton,gloucester,23/24,https://www.rugbypass.com/live/gloucester-vs-northampton/?g=939021,17,90,0
newcastle,bath,23/24,https://www.rugbypass.com/live/bath-vs-newcastle/?g=939020,17,17,28
sale,leicester,23/24,https://www.rugbypass.com/live/leicester-vs-sale/?g=939022,17,31,22
bath,northampton,23/24,https://www.rugbypass.com/live/bath-vs-northampton/?g=939023,18,43,12
gloucester,newcastle,23/24,https://www.rugbypass.com/live/gloucester-vs-newcastle/?g=939024,18,54,14
harlequins,bristol,23/24,https://www.rugbypass.com/live/exeter-chiefs-vs-leicester/?g=939026,18,28,53
leicester,exeter-chiefs,23/24,https://www.rugbypass.com/live/bristol-vs-harlequins/?g=939025,18,40,22
saracens,sale,23/24,https://www.rugbypass.com/live/sale-vs-saracens/?g=939027,18,10,20
bath,sale,23/24,https://www.rugbypass.com/live/bath-vs-sale/?g=939029,SF,31,23
northampton,saracens,23/24,https://www.rugbypass.com/live/northampton-vs-saracens/?g=939028,SF,22,20
northampton,bath,23/24,https://www.rugbypass.com/live/bath-vs-northampton/?g=939030,F,25,21
sale,harlequins,24/25,https://www.rugbypass.com/live/harlequins-vs-sale/?g=943547,1,12,11
gloucester,saracens,24/25,https://www.rugbypass.com/live/gloucester-vs-saracens/?g=943546,1,26,35
exeter-chiefs,leicester,24/25,https://www.rugbypass.com/live/exeter-chiefs-vs-leicester/?g=943545,1,14,17
bath,northampton,24/25,https://www.rugbypass.com/live/bath-vs-northampton/?g=943543,1,38,16
newcastle,bristol,24/25,https://www.rugbypass.com/live/bristol-vs-newcastle/?g=943544,1,3,24
leicester,bath,24/25,https://www.rugbypass.com/live/bath-vs-leicester/?g=943552,2,15,20
northampton,exeter-chiefs,24/25,https://www.rugbypass.com/live/exeter-chiefs-vs-northampton/?g=943551,2,30,24
saracens,sale,24/25,https://www.rugbypass.com/live/sale-vs-saracens/?g=943550,2,45,26
harlequins,newcastle,24/25,https://www.rugbypass.com/live/harlequins-vs-newcastle/?g=943549,2,28,14
bristol,gloucester,24/25,https://www.rugbypass.com/live/bristol-vs-gloucester/?g=943548,2,41,44
saracens,exeter-chiefs,24/25,https://www.rugbypass.com/live/exeter-chiefs-vs-saracens/?g=943557,3,29,14
newcastle,leicester,24/25,https://www.rugbypass.com/live/leicester-vs-newcastle/?g=943556,3,10,42
bath,bristol,24/25,https://www.rugbypass.com/live/bath-vs-bristol/?g=943555,3,26,36
northampton,harlequins,24/25,https://www.rugbypass.com/live/harlequins-vs-northampton/?g=943553,3,33,29
sale,gloucester,24/25,https://www.rugbypass.com/live/gloucester-vs-sale/?g=943554,3,31,27
harlequins,saracens,24/25,https://www.rugbypass.com/live/harlequins-vs-saracens/?g=943562,4,17,10
leicester,northampton,24/25,https://www.rugbypass.com/live/leicester-vs-northampton/?g=943561,4,24,8
gloucester,bath,24/25,https://www.rugbypass.com/live/bath-vs-gloucester/?g=943560,4,31,55
exeter-chiefs,bristol,24/25,https://www.rugbypass.com/live/bristol-vs-exeter-chiefs/?g=943559,4,35,40
sale,newcastle,24/25,https://www.rugbypass.com/live/newcastle-vs-sale/?g=943558,4,43,10
leicester,gloucester,24/25,https://www.rugbypass.com/live/gloucester-vs-leicester/?g=943567,5,29,26
harlequins,bath,24/25,https://www.rugbypass.com/live/bath-vs-harlequins/?g=943566,5,24,26
bristol,saracens,24/25,https://www.rugbypass.com/live/bristol-vs-saracens/?g=943565,5,35,37
newcastle,exeter-chiefs,24/25,https://www.rugbypass.com/live/exeter-chiefs-vs-newcastle/?g=943563,5,24,18
northampton,sale,24/25,https://www.rugbypass.com/live/northampton-vs-sale/?g=943564,5,29,26
exeter-chiefs,harlequins,24/25,https://www.rugbypass.com/live/exeter-chiefs-vs-harlequins/?g=943572,6,19,36
saracens,leicester,24/25,https://www.rugbypass.com/live/leicester-vs-saracens/?g=943571,6,29,32
bath,sale,24/25,https://www.rugbypass.com/live/bath-vs-sale/?g=943570,6,40,13
gloucester,newcastle,24/25,https://www.rugbypass.com/live/gloucester-vs-newcastle/?g=943569,6,36,7
bristol,northampton,24/25,https://www.rugbypass.com/live/bristol-vs-northampton/?g=943568,6,31,23
sale,leicester,24/25,https://www.rugbypass.com/live/leicester-vs-sale/?g=943577,7,39,25
bath,exeter-chiefs,24/25,https://www.rugbypass.com/live/bath-vs-exeter-chiefs/?g=943576,7,19,15
northampton,gloucester,24/25,https://www.rugbypass.com/live/gloucester-vs-northampton/?g=943575,7,17,25
harlequins,bristol,24/25,https://www.rugbypass.com/live/bristol-vs-harlequins/?g=943573,7,24,48
newcastle,saracens,24/25,https://www.rugbypass.com/live/newcastle-vs-saracens/?g=943574,7,17,12
saracens,northampton,24/25,https://www.rugbypass.com/live/northampton-vs-saracens/?g=943582,8,39,24
newcastle,bath,24/25,https://www.rugbypass.com/live/bath-vs-newcastle/?g=943579,8,15,40
sale,exeter-chiefs,24/25,https://www.rugbypass.com/live/exeter-chiefs-vs-sale/?g=943581,8,28,10
leicester,bristol,24/25,https://www.rugbypass.com/live/bristol-vs-leicester/?g=943580,8,24,54
gloucester,harlequins,24/25,https://www.rugbypass.com/live/gloucester-vs-harlequins/?g=943578,8,14,0
exeter-chiefs,gloucester,24/25,https://www.rugbypass.com/live/exeter-chiefs-vs-gloucester/?g=943587,9,22,15
harlequins,leicester,24/25,https://www.rugbypass.com/live/harlequins-vs-leicester/?g=943586,9,34,34
northampton,newcastle,24/25,https://www.rugbypass.com/live/newcastle-vs-northampton/?g=943585,9,61,0
bath,saracens,24/25,https://www.rugbypass.com/live/bath-vs-saracens/?g=943584,9,68,10
bristol,sale,24/25,https://www.rugbypass.com/live/bristol-vs-sale/?g=943583,9,0,38
northampton,bath,24/25,https://www.rugbypass.com/live/bath-vs-northampton/?g=943592,10,35,34
saracens,bristol,24/25,https://www.rugbypass.com/live/bristol-vs-saracens/?g=943591,10,35,26
leicester,exeter-chiefs,24/25,https://www.rugbypass.com/live/exeter-chiefs-vs-leicester/?g=943590,10,28,15
gloucester,sale,24/25,https://www.rugbypass.com/live/gloucester-vs-sale/?g=943589,10,36,20
newcastle,harlequins,24/25,https://www.rugbypass.com/live/harlequins-vs-newcastle/?g=943588,10,14,38
bristol,newcastle,24/25,https://www.rugbypass.com/live/bristol-vs-newcastle/?g=943593,11,55,35
sale,bath,24/25,https://www.rugbypass.com/live/bath-vs-sale/?g=943597,11,23,32
exeter-chiefs,saracens,24/25,https://www.rugbypass.com/live/exeter-chiefs-vs-saracens/?g=943594,11,31,22
gloucester,leicester,24/25,https://www.rugbypass.com/live/gloucester-vs-leicester/?g=943595,11,38,31
harlequins,northampton,24/25,https://www.rugbypass.com/live/harlequins-vs-northampton/?g=943596,11,22,19
bath,gloucester,24/25,https://www.rugbypass.com/live/bath-vs-gloucester/?g=943598,12,42,26
bristol,exeter-chiefs,24/25,https://www.rugbypass.com/live/bristol-vs-exeter-chiefs/?g=943599,12,52,38
saracens,harlequins,24/25,https://www.rugbypass.com/live/harlequins-vs-saracens/?g=943602,12,12,23
newcastle,sale,24/25,https://www.rugbypass.com/live/newcastle-vs-sale/?g=943600,12,15,39
northampton,leicester,24/25,https://www.rugbypass.com/live/leicester-vs-northampton/?g=943601,12,0,33
leicester,saracens,24/25,https://www.rugbypass.com/live/leicester-vs-saracens/?g=943606,13,22,29
gloucester,bristol,24/25,https://www.rugbypass.com/live/bristol-vs-gloucester/?g=943605,13,53,28
bath,harlequins,24/25,https://www.rugbypass.com/live/bath-vs-harlequins/?g=943603,13,47,28
exeter-chiefs,newcastle,24/25,https://www.rugbypass.com/live/exeter-chiefs-vs-newcastle/?g=943604,13,17,15
sale,northampton,24/25,https://www.rugbypass.com/live/northampton-vs-sale/?g=943607,13,27,24
bristol,leicester,24/25,https://www.rugbypass.com/live/bristol-vs-leicester/?g=943608,14,19,36
saracens,gloucester,24/25,https://www.rugbypass.com/live/gloucester-vs-saracens/?g=943612,14,36,14
harlequins,sale,24/25,https://www.rugbypass.com/live/harlequins-vs-sale/?g=943610,14,29,43
exeter-chiefs,bath,24/25,https://www.rugbypass.com/live/bath-vs-exeter-chiefs/?g=943609,14,24,26
newcastle,northampton,24/25,https://www.rugbypass.com/live/newcastle-vs-northampton/?g=943611,14,34,35
sale,saracens,24/25,https://www.rugbypass.com/live/sale-vs-saracens/?g=943617,15,25,7
bath,newcastle,24/25,https://www.rugbypass.com/live/bath-vs-newcastle/?g=943613,15,55,19
leicester,harlequins,24/25,https://www.rugbypass.com/live/harlequins-vs-leicester/?g=943615,15,40,7
northampton,bristol,24/25,https://www.rugbypass.com/live/bristol-vs-northampton/?g=943616,15,48,31
gloucester,exeter-chiefs,24/25,https://www.rugbypass.com/live/exeter-chiefs-vs-gloucester/?g=943614,15,79,17
